-- Auto-generated seed from products.ts
-- Run: wrangler d1 execute bryt-products --file=seed.sql --remote

DELETE FROM products;
DELETE FROM product_groups;
DELETE FROM categories;

INSERT INTO categories (slug, name, tagline, description, sort_order) VALUES ('dental-chair-units', 'Dental Chair Units', 'Patient-ready chairs built for daily reliability', 'Authorised distribution of Lifedent, Biodent, Diplomat and BRYT chair units — sized for solo practices to multi-chair clinics.', 0);
INSERT INTO categories (slug, name, tagline, description, sort_order) VALUES ('radiology', 'Radiology', 'Sensors, OPGs and CBCT systems', 'From intraoral sensors to 3D CBCT — radiology equipment from Acteon, Vatech, Eighteeth and Fin, with on-site commissioning and calibration.', 1);
INSERT INTO categories (slug, name, tagline, description, sort_order) VALUES ('handpieces', 'Handpieces', 'UK-precision turbines and contra-angles', 'High-speed turbines, contra-angles and straight handpieces from BDC and Galaxy — quiet, balanced and built for long duty cycles.', 2);
INSERT INTO categories (slug, name, tagline, description, sort_order) VALUES ('clinical-products', 'Clinical Products', 'Endo, implant, sterilisation, scanning & more', 'Daily-use clinical equipment across endodontics, implantology, sterilisation, suction, lighting, scanning and operatory infrastructure.', 3);

INSERT INTO product_groups (id, category_slug, name, sort_order) VALUES ('dental-chair-units-lifedent', 'dental-chair-units', 'LIFEDENT', 0);
INSERT INTO product_groups (id, category_slug, name, sort_order) VALUES ('dental-chair-units-biodent', 'dental-chair-units', 'BIODENT', 1);
INSERT INTO product_groups (id, category_slug, name, sort_order) VALUES ('dental-chair-units-diplomat', 'dental-chair-units', 'DIPLOMAT', 2);
INSERT INTO product_groups (id, category_slug, name, sort_order) VALUES ('dental-chair-units-bryt', 'dental-chair-units', 'BRYT', 3);
INSERT INTO product_groups (id, category_slug, name, sort_order) VALUES ('radiology-acteon', 'radiology', 'ACTEON', 0);
INSERT INTO product_groups (id, category_slug, name, sort_order) VALUES ('radiology-vatech', 'radiology', 'VATECH', 1);
INSERT INTO product_groups (id, category_slug, name, sort_order) VALUES ('radiology-eighteeth', 'radiology', 'EIGHTEETH', 2);
INSERT INTO product_groups (id, category_slug, name, sort_order) VALUES ('radiology-fin', 'radiology', 'FIN', 3);
INSERT INTO product_groups (id, category_slug, name, sort_order) VALUES ('handpieces-bdc', 'handpieces', 'BDC', 0);
INSERT INTO product_groups (id, category_slug, name, sort_order) VALUES ('handpieces-galaxy', 'handpieces', 'GALAXY', 1);
INSERT INTO product_groups (id, category_slug, name, sort_order) VALUES ('clinical-products-endomotor', 'clinical-products', 'Endomotor', 0);
INSERT INTO product_groups (id, category_slug, name, sort_order) VALUES ('clinical-products-apex-locator', 'clinical-products', 'Apex Locator', 1);
INSERT INTO product_groups (id, category_slug, name, sort_order) VALUES ('clinical-products-implant-motor', 'clinical-products', 'Implant Motor', 2);
INSERT INTO product_groups (id, category_slug, name, sort_order) VALUES ('clinical-products-diode-laser', 'clinical-products', 'Diode Laser', 3);
INSERT INTO product_groups (id, category_slug, name, sort_order) VALUES ('clinical-products-ultrasonic-scaler', 'clinical-products', 'Ultrasonic Scaler', 4);
INSERT INTO product_groups (id, category_slug, name, sort_order) VALUES ('clinical-products-micromotor', 'clinical-products', 'Micromotor', 5);
INSERT INTO product_groups (id, category_slug, name, sort_order) VALUES ('clinical-products-sterilisation', 'clinical-products', 'Sterilisation', 6);
INSERT INTO product_groups (id, category_slug, name, sort_order) VALUES ('clinical-products-light-cure', 'clinical-products', 'Light Cure', 7);
INSERT INTO product_groups (id, category_slug, name, sort_order) VALUES ('clinical-products-uv-chamber', 'clinical-products', 'UV Chamber', 8);
INSERT INTO product_groups (id, category_slug, name, sort_order) VALUES ('clinical-products-centralised-suction-unit', 'clinical-products', 'Centralised Suction Unit', 9);
INSERT INTO product_groups (id, category_slug, name, sort_order) VALUES ('clinical-products-led-operating-light', 'clinical-products', 'LED Operating Light', 10);
INSERT INTO product_groups (id, category_slug, name, sort_order) VALUES ('clinical-products-oil-free-compressor', 'clinical-products', 'Oil Free Compressor', 11);
INSERT INTO product_groups (id, category_slug, name, sort_order) VALUES ('clinical-products-centralised-air-compressor', 'clinical-products', 'Centralised Air Compressor', 12);
INSERT INTO product_groups (id, category_slug, name, sort_order) VALUES ('clinical-products-multi-purpose-trolley', 'clinical-products', 'Multi-Purpose Trolley', 13);
INSERT INTO product_groups (id, category_slug, name, sort_order) VALUES ('clinical-products-intraoral-scanner', 'clinical-products', 'Intraoral Scanner', 14);
INSERT INTO product_groups (id, category_slug, name, sort_order) VALUES ('clinical-products-ultrasonic-activator', 'clinical-products', 'Ultrasonic Activator', 15);
INSERT INTO product_groups (id, category_slug, name, sort_order) VALUES ('clinical-products-obturation-device', 'clinical-products', 'Obturation Device', 16);
INSERT INTO product_groups (id, category_slug, name, sort_order) VALUES ('clinical-products-dental-loupe', 'clinical-products', 'Dental Loupe', 17);
INSERT INTO product_groups (id, category_slug, name, sort_order) VALUES ('clinical-products-dental-microscope', 'clinical-products', 'Dental Microscope', 18);
INSERT INTO product_groups (id, category_slug, name, sort_order) VALUES ('clinical-products-electric-motor-1-5', 'clinical-products', 'Electric Motor 1:5', 19);

INSERT INTO products (slug, name, brand, category_slug, group_name, description, tagline, intro, image_url, overview, tech_specs, sections, applications, advantages, sort_order) VALUES ('lifedent-e9-c', 'E9 c', 'LIFEDENT', 'dental-chair-units', 'LIFEDENT', 'E9 c from LIFEDENT — supplied, installed and serviced by BRYT Dental Technologies with full after-sales support across Gujarat and Pan-India.', 'Premium Continental Dental Technology', 'The E9-c Continental Dental Unit combines elegant European-inspired design with intelligent clinical functionality, delivering a sophisticated treatment experience for modern dental practices.', '', '[]', '[]', '[{"heading":"Intelligent Treatment Management","body":"Its advanced touchscreen system improves workflow efficiency and simplifies clinical operation.","bullets":["7-inch smart touchscreen panel","15 programmable chair positions","Dynamic instrument interlock system","Integrated treatment management","User-friendly digital controls"]},{"heading":"Superior Patient Comfort Engineering","body":"The E9-c is built to provide smooth positioning and ergonomic support during every procedure.","bullets":["Synchronized chair movement","Ergonomic dual-jointed headrest","Wide patient support cushioning","Smooth silent operation","Stable treatment positioning"]},{"heading":"Advanced Hygiene Protection","body":"Integrated hygiene technologies help clinics maintain high standards of cleanliness and infection control.","bullets":["Built-in tubing disinfection system","Easy-clean detachable components","Hygienic integrated waterline system","Simplified maintenance procedures","Efficient clinic sanitation support"]},{"heading":"Professional Illumination Performance","body":"The V5 LED operating light enhances visibility for precise and comfortable treatment procedures.","bullets":["Bright shadow-free illumination","Adjustable light intensity","Natural daylight lighting effect","Wide treatment coverage","Reduced eye fatigue support"]},{"heading":"Designed for High-End Clinics","body":"The E9-c is ideal for premium dental practices seeking modern aesthetics, intelligent technology, and reliable long-term performance.","bullets":["Elegant continental-style appearance","Durable premium construction","Supports advanced dental procedures","Efficient integrated workflow","Professional clinic enhancement"]}]', '[]', '[]', 0);
INSERT INTO products (slug, name, brand, category_slug, group_name, description, tagline, intro, image_url, overview, tech_specs, sections, applications, advantages, sort_order) VALUES ('lifedent-e9-i', 'E9 i', 'LIFEDENT', 'dental-chair-units', 'LIFEDENT', 'E9 i from LIFEDENT — supplied, installed and serviced by BRYT Dental Technologies with full after-sales support across Gujarat and Pan-India.', 'Intelligent Clinical Control', 'The E9-i International Dental Unit is engineered for advanced dental environments that require intelligent workflow management, precision operation, and elevated patient comfort. Equipped with a modern touchscreen control interface, the system allows dentists to manage chair positions, lighting, hygiene functions, and treatment settings effortlessly.', '', '[]', '[]', '[{"heading":"Advanced Smart Features","bullets":["7-inch intelligent touchscreen interface","15 programmable chair memory positions","Dynamic instrument interlock system","Integrated digital workflow controls","User-friendly operational interface"]},{"heading":"Exceptional Patient Comfort","body":"Designed to improve the patient experience during long procedures, the E9-i features synchronized chair movement and ergonomic cushioning that reduce discomfort while ensuring smooth positioning.","bullets":["Dual-jointed ergonomic headrest","Ultra-smooth synchronized chair movement","Wide patient support cushioning","Silent chair operation system","Stable positioning technology"]},{"heading":"Professional Hygiene Management","body":"The E9-i incorporates advanced hygiene technologies that support modern infection-control standards and simplify clinic maintenance.","bullets":["Built-in tubing disinfection system","300 rewritable disinfection records","Easy-clean detachable ceramic spittoon","Hygienic integrated waterline system","Simplified maintenance access"]},{"heading":"High-Performance Clinical Lighting","body":"The integrated V5 LED operating light delivers bright, shadow-free illumination for improved treatment precision and visibility.","bullets":["Natural daylight-style illumination","Adjustable brightness settings","Reduced operator eye fatigue","Wide-angle lighting coverage","Energy-efficient LED performance"]},{"heading":"Designed for Modern Dental Clinics","body":"The E9-i combines elegant aesthetics with durable construction, making it suitable for premium clinics focused on performance, technology, and patient satisfaction.","bullets":["Modern international-style appearance","Durable long-term construction","Space-efficient integrated design","Supports multi-procedure treatments","Ideal for high-volume practices"]}]', '[]', '[]', 1);
INSERT INTO products (slug, name, brand, category_slug, group_name, description, tagline, intro, image_url, overview, tech_specs, sections, applications, advantages, sort_order) VALUES ('lifedent-e9-t', 'E9 t', 'LIFEDENT', 'dental-chair-units', 'LIFEDENT', 'E9 t from LIFEDENT — supplied, installed and serviced by BRYT Dental Technologies with full after-sales support across Gujarat and Pan-India.', 'Flexible Cart-Based Treatment System', 'The E9-t Cart-Version Dental Unit is designed for clinics that require greater flexibility and mobility during treatment procedures. Its adjustable cart configuration allows doctors to customize positioning for improved workflow efficiency and convenience.', '', '[]', '[]', '[{"heading":"Smart Clinical Technology","body":"The integrated touchscreen system simplifies treatment management and enhances operational accuracy throughout procedures.","bullets":["7-inch intelligent touchscreen panel","15 programmable chair positions","Dynamic instrument interlock technology","Digital treatment management system","Simplified workflow controls"]},{"heading":"Adjustable Mobility & Ergonomics","body":"The movable cart structure enables better accessibility and smoother operation in multi-doctor or compact clinical environments.","bullets":["Adjustable cart height (75–90 cm)","Flexible treatment positioning","Ergonomic doctor accessibility","Space-saving operational design","Comfortable treatment workflow"]},{"heading":"Enhanced Patient Experience","body":"The E9-t is designed to improve patient comfort through stable positioning and ergonomic support systems.","bullets":["Synchronized chair movement","Ergonomic dual-jointed headrest","Wide patient support design","Smooth and silent operation","Relaxed treatment positioning"]},{"heading":"Advanced Hygiene & Maintenance","body":"Built-in hygiene systems support infection control while simplifying daily clinic cleaning procedures.","bullets":["Integrated tubing disinfection system","Easy-clean treatment surfaces","Detachable hygienic components","Durable stainless steel assistant tray","Efficient maintenance accessibility"]},{"heading":"Premium Clinical Performance","body":"The E9-t combines mobility, technology, and sophisticated aesthetics to support modern dental clinics seeking flexibility without compromising functionality.","bullets":["High-performance V5 LED light","Durable premium construction","Modern contemporary appearance","Ideal for advanced treatments","Suitable for growing practices"]}]', '[]', '[]', 2);
INSERT INTO products (slug, name, brand, category_slug, group_name, description, tagline, intro, image_url, overview, tech_specs, sections, applications, advantages, sort_order) VALUES ('lifedent-p3-c', 'P3 c', 'LIFEDENT', 'dental-chair-units', 'LIFEDENT', 'P3 c from LIFEDENT — supplied, installed and serviced by BRYT Dental Technologies with full after-sales support across Gujarat and Pan-India.', 'Reliable Everyday Clinical Performance', 'The P3-c Continental Dental Unit is built for daily dental procedures, offering dependable functionality, ergonomic comfort, and efficient treatment workflows. Its durable design ensures consistent performance in busy dental environments.', '', '[]', '[]', '[{"heading":"Comfortable Ergonomic Design","body":"The unit prioritizes patient relaxation and operator convenience through carefully engineered ergonomic support systems.","bullets":["Ultra-low 380 mm chair position","Wide ergonomic patient cushion","Soft-start chair movement system","Comfortable positioning support","Stable treatment experience"]},{"heading":"Precision Chair Technology","body":"Advanced positioning technology improves treatment efficiency while enabling smooth and accurate chair adjustments.","bullets":["Angle sensor positioning system","Programmable chair memory settings","Smooth synchronized movement","Quiet operational performance","Stable chair positioning accuracy"]},{"heading":"Professional Treatment Illumination","body":"The integrated V3 LED operating light provides clear visibility during procedures for improved clinical precision.","bullets":["Bright shadow-free illumination","Adjustable lighting intensity","Energy-efficient LED technology","Reduced eye strain support","Wide-area treatment visibility"]},{"heading":"Durable Hygienic Construction","body":"The P3-c is manufactured using durable materials designed for long-term clinical reliability and easy maintenance.","bullets":["Aluminum casting backrest","Detachable ceramic spittoon","Easy-clean treatment surfaces","Hygienic integrated components","Long-lasting structural durability"]},{"heading":"Ideal for Modern Dental Clinics","body":"The P3-c delivers a balanced combination of affordability, reliability, and patient comfort for general dentistry applications.","bullets":["Suitable for daily procedures","Compact clinical integration","Efficient operational workflow","Professional modern appearance","Reliable long-term investment"]}]', '[]', '[]', 3);
INSERT INTO products (slug, name, brand, category_slug, group_name, description, tagline, intro, image_url, overview, tech_specs, sections, applications, advantages, sort_order) VALUES ('lifedent-p3-i', 'P3 i', 'LIFEDENT', 'dental-chair-units', 'LIFEDENT', 'P3 i from LIFEDENT — supplied, installed and serviced by BRYT Dental Technologies with full after-sales support across Gujarat and Pan-India.', 'Affordable Professional Dental Solution', 'The P3-i International Dental Unit is designed for clinics seeking dependable performance, ergonomic comfort, and professional functionality at an accessible investment level.', '', '[]', '[]', '[{"heading":"Enhanced Patient Comfort System","body":"Every component of the P3-i is engineered to improve treatment comfort and create a more relaxed patient experience.","bullets":["Ultra-low 380 mm chair position","Wide ergonomic patient support","Soft-start movement technology","Stable synchronized positioning","Comfortable headrest adjustment"]},{"heading":"Intelligent Positioning Technology","body":"The integrated angle sensor system enhances operational accuracy and simplifies treatment positioning.","bullets":["Precision angle sensor controls","Smooth chair memory function","Stable treatment adjustments","Quiet operational performance","Easy positioning management"]},{"heading":"Efficient Clinical Lighting","body":"The V3 LED operating light improves treatment visibility and clinical accuracy.","bullets":["Natural daylight illumination","Wide-angle lighting coverage","Reduced shadow formation","Adjustable brightness control","Energy-efficient operation"]},{"heading":"Practical Hygiene & Maintenance","body":"Designed for everyday dental use, the P3-i simplifies cleaning and maintenance procedures.","bullets":["Detachable ceramic spittoon","Easy-clean treatment surfaces","Durable integrated components","Hygienic workflow support","Reliable maintenance accessibility"]},{"heading":"Built for Modern Practices","body":"The P3-i offers a clean international-style appearance combined with dependable clinical performance for modern dental environments.","bullets":["Contemporary clinic aesthetics","Durable construction quality","Efficient workflow integration","Suitable for multiple procedures","Excellent value-for-money solution"]}]', '[]', '[]', 4);
INSERT INTO products (slug, name, brand, category_slug, group_name, description, tagline, intro, image_url, overview, tech_specs, sections, applications, advantages, sort_order) VALUES ('lifedent-p3-t', 'P3 t', 'LIFEDENT', 'dental-chair-units', 'LIFEDENT', 'P3 t from LIFEDENT — supplied, installed and serviced by BRYT Dental Technologies with full after-sales support across Gujarat and Pan-India.', 'Intelligent Clinical Workflow', 'The Lifedent P3-t Dental Unit is designed to simplify modern dental procedures through intelligent controls, ergonomic workflow optimization, and flexible clinical functionality. Its smart operating system enhances treatment efficiency while supporting comfortable day-to-day operation for dental professionals.', '', '[]', '[]', '[{"heading":"Smart Operating System","bullets":["Intelligent linkage control system","One-touch operation management","3 personalized doctor programs","15 programmable memory positions","Integrated doctor & assistant controls"]},{"heading":"Flexible Cart-Version Design","body":"The P3-t features a cart-style delivery system that provides greater flexibility, accessibility, and adaptability for different treatment procedures and clinic layouts.","bullets":["Adjustable cart height system","Smooth mobile instrument positioning","Space-saving ergonomic structure","Silent high-quality caster wheels","Flexible treatment accessibility"]},{"heading":"Superior Patient Comfort System","body":"Every component of the P3-t is engineered to improve patient relaxation and ensure a smoother treatment experience during long dental procedures.","bullets":["Ultra-low 380 mm chair position","Soft-start movement technology","Ultra-thin ergonomic backrest","Stable synchronized chair movement","Comfortable long-duration support"]},{"heading":"Intelligent Positioning Technology","body":"The integrated positioning system enhances operational precision while allowing smoother and more efficient chair adjustments throughout treatments.","bullets":["Precision memory position controls","Smooth chair adjustment system","Stable treatment positioning","Quiet operational performance","Easy positioning management"]},{"heading":"Efficient Clinical Lighting","body":"The V2 LED operating light delivers bright and accurate illumination for enhanced visibility and improved treatment precision.","bullets":["Natural daylight illumination","Wide-angle lighting coverage","Reduced shadow formation","Contactless brightness adjustment","Energy-efficient LED operation"]},{"heading":"Advanced Hygiene & Maintenance","body":"Designed for modern clinical environments, the P3-t supports efficient cleaning, infection control, and simplified maintenance procedures.","bullets":["Optional tubing disinfection system","Detachable ceramic spittoon","Easy-clean treatment surfaces","Removable suction components","Hygienic workflow support"]},{"heading":"Humanized Functional Design","body":"The P3-t combines intelligent engineering with practical daily usability to improve workflow convenience for dentists and assistants.","bullets":["Multifunctional foot control system","Independent 2-liter water bottle","Optional dynamic water heating","Easy-access assistant tray system","Integrated drainage functionality"]},{"heading":"Built for Modern Dental Clinics","body":"The P3-t combines modern aesthetics, ergonomic flexibility, and reliable performance to meet the demands of contemporary dental practices.","bullets":["Contemporary clinic aesthetics","Durable construction quality","Flexible workflow integration","Suitable for multiple procedures","Professional high-performance design"]}]', '[]', '[]', 5);
INSERT INTO products (slug, name, brand, category_slug, group_name, description, tagline, intro, image_url, overview, tech_specs, sections, applications, advantages, sort_order) VALUES ('lifedent-p3-t-lite', 'P3 t Lite', 'LIFEDENT', 'dental-chair-units', 'LIFEDENT', 'P3 t Lite from LIFEDENT — supplied, installed and serviced by BRYT Dental Technologies with full after-sales support across Gujarat and Pan-India.', 'Compact & Efficient Dental Solution', 'The P3-t Lite Dental Unit is designed for clinics that require a streamlined, space-saving treatment system without sacrificing professional functionality or patient comfort.', '', '[]', '[]', '[{"heading":"Modern Minimalist Design","body":"Its sleek and contemporary appearance helps clinics maintain a clean, professional, and modern treatment environment.","bullets":["Compact integrated structure","Elegant modern aesthetics","Space-efficient configuration","Professional treatment appearance","Simplified operational layout"]},{"heading":"Everyday Clinical Convenience","body":"The P3-t Lite supports efficient day-to-day dental procedures with practical functionality and ergonomic workflow optimization.","bullets":["Easy-access instrument positioning","Comfortable treatment workflow","Smooth operational controls","Simplified treatment management","Reliable daily performance"]},{"heading":"Comfortable Patient Experience","body":"The unit is engineered to support patient comfort during general dental treatments.","bullets":["Ergonomic patient positioning","Stable chair movement system","Comfortable support structure","Relaxed treatment environment","Smooth operational performance"]},{"heading":"Easy Hygiene & Maintenance","body":"Designed for practical clinical use, the P3-t Lite simplifies cleaning procedures and supports hygienic operation.","bullets":["Easy-clean treatment surfaces","Durable maintenance-friendly materials","Simplified cleaning accessibility","Hygienic integrated components","Reliable long-term usability"]},{"heading":"Ideal for Growing Clinics","body":"The P3-t Lite is an excellent choice for clinics seeking a compact, reliable, and cost-effective dental treatment unit.","bullets":["Ideal for compact spaces","Efficient workflow optimization","Professional everyday functionality","Durable long-term performance","Excellent operational value"]}]', '[]', '[]', 6);
INSERT INTO products (slug, name, brand, category_slug, group_name, description, tagline, intro, image_url, overview, tech_specs, sections, applications, advantages, sort_order) VALUES ('biodent-bio-deluxe', 'Bio Deluxe', 'BIODENT', 'dental-chair-units', 'BIODENT', 'Bio Deluxe from BIODENT — supplied, installed and serviced by BRYT Dental Technologies with full after-sales support across Gujarat and Pan-India.', '', '', '', '[]', '[]', '[]', '[]', '[]', 7);
INSERT INTO products (slug, name, brand, category_slug, group_name, description, tagline, intro, image_url, overview, tech_specs, sections, applications, advantages, sort_order) VALUES ('biodent-bio-pick', 'Bio Pick', 'BIODENT', 'dental-chair-units', 'BIODENT', 'Bio Pick from BIODENT — supplied, installed and serviced by BRYT Dental Technologies with full after-sales support across Gujarat and Pan-India.', '', '', '', '[]', '[]', '[]', '[]', '[]', 8);
INSERT INTO products (slug, name, brand, category_slug, group_name, description, tagline, intro, image_url, overview, tech_specs, sections, applications, advantages, sort_order) VALUES ('biodent-bio-elantra', 'Bio Elantra', 'BIODENT', 'dental-chair-units', 'BIODENT', 'Bio Elantra from BIODENT — supplied, installed and serviced by BRYT Dental Technologies with full after-sales support across Gujarat and Pan-India.', '', '', '', '[]', '[]', '[]', '[]', '[]', 9);
INSERT INTO products (slug, name, brand, category_slug, group_name, description, tagline, intro, image_url, overview, tech_specs, sections, applications, advantages, sort_order) VALUES ('biodent-bio-jiyu-25', 'Bio Jiyu 25', 'BIODENT', 'dental-chair-units', 'BIODENT', 'Bio Jiyu 25 from BIODENT — supplied, installed and serviced by BRYT Dental Technologies with full after-sales support across Gujarat and Pan-India.', '', '', '', '[]', '[]', '[]', '[]', '[]', 10);
INSERT INTO products (slug, name, brand, category_slug, group_name, description, tagline, intro, image_url, overview, tech_specs, sections, applications, advantages, sort_order) VALUES ('biodent-bio-tesla', 'Bio Tesla', 'BIODENT', 'dental-chair-units', 'BIODENT', 'Bio Tesla from BIODENT — supplied, installed and serviced by BRYT Dental Technologies with full after-sales support across Gujarat and Pan-India.', '', '', '', '[]', '[]', '[]', '[]', '[]', 11);
INSERT INTO products (slug, name, brand, category_slug, group_name, description, tagline, intro, image_url, overview, tech_specs, sections, applications, advantages, sort_order) VALUES ('biodent-bio-kid', 'Bio Kid', 'BIODENT', 'dental-chair-units', 'BIODENT', 'Bio Kid from BIODENT — supplied, installed and serviced by BRYT Dental Technologies with full after-sales support across Gujarat and Pan-India.', '', '', '', '[]', '[]', '[]', '[]', '[]', 12);
INSERT INTO products (slug, name, brand, category_slug, group_name, description, tagline, intro, image_url, overview, tech_specs, sections, applications, advantages, sort_order) VALUES ('biodent-bio-vegika', 'Bio Vegika', 'BIODENT', 'dental-chair-units', 'BIODENT', 'Bio Vegika from BIODENT — supplied, installed and serviced by BRYT Dental Technologies with full after-sales support across Gujarat and Pan-India.', '', '', '', '[]', '[]', '[]', '[]', '[]', 13);
INSERT INTO products (slug, name, brand, category_slug, group_name, description, tagline, intro, image_url, overview, tech_specs, sections, applications, advantages, sort_order) VALUES ('biodent-bio-vision', 'Bio Vision', 'BIODENT', 'dental-chair-units', 'BIODENT', 'Bio Vision from BIODENT — supplied, installed and serviced by BRYT Dental Technologies with full after-sales support across Gujarat and Pan-India.', '', '', '', '[]', '[]', '[]', '[]', '[]', 14);
INSERT INTO products (slug, name, brand, category_slug, group_name, description, tagline, intro, image_url, overview, tech_specs, sections, applications, advantages, sort_order) VALUES ('biodent-bio-jet20', 'Bio Jet20', 'BIODENT', 'dental-chair-units', 'BIODENT', 'Bio Jet20 from BIODENT — supplied, installed and serviced by BRYT Dental Technologies with full after-sales support across Gujarat and Pan-India.', '', '', '', '[]', '[]', '[]', '[]', '[]', 15);
INSERT INTO products (slug, name, brand, category_slug, group_name, description, tagline, intro, image_url, overview, tech_specs, sections, applications, advantages, sort_order) VALUES ('diplomat-model-one-100', 'Model One 100', 'DIPLOMAT', 'dental-chair-units', 'DIPLOMAT', 'Model One 100 from DIPLOMAT — supplied, installed and serviced by BRYT Dental Technologies with full after-sales support across Gujarat and Pan-India.', '', '', '', '[]', '[]', '[]', '[]', '[]', 16);
INSERT INTO products (slug, name, brand, category_slug, group_name, description, tagline, intro, image_url, overview, tech_specs, sections, applications, advantages, sort_order) VALUES ('diplomat-model-one-200', 'Model One 200', 'DIPLOMAT', 'dental-chair-units', 'DIPLOMAT', 'Model One 200 from DIPLOMAT — supplied, installed and serviced by BRYT Dental Technologies with full after-sales support across Gujarat and Pan-India.', '', '', '', '[]', '[]', '[]', '[]', '[]', 17);
INSERT INTO products (slug, name, brand, category_slug, group_name, description, tagline, intro, image_url, overview, tech_specs, sections, applications, advantages, sort_order) VALUES ('bryt-bryt-all-in-one-dental-unit', 'BRYT All-in-One Dental Unit', 'BRYT', 'dental-chair-units', 'BRYT', 'BRYT All-in-One Dental Unit from BRYT — supplied, installed and serviced by BRYT Dental Technologies with full after-sales support across Gujarat and Pan-India.', '', '', '', '[]', '[]', '[]', '[]', '[]', 18);
INSERT INTO products (slug, name, brand, category_slug, group_name, description, tagline, intro, image_url, overview, tech_specs, sections, applications, advantages, sort_order) VALUES ('acteon-sopix-sensor', 'Sopix Sensor', 'ACTEON', 'radiology', 'ACTEON', 'Sopix Sensor from ACTEON — supplied, installed and serviced by BRYT Dental Technologies with full after-sales support across Gujarat and Pan-India.', '', '', '', '[]', '[]', '[]', '[]', '[]', 19);
INSERT INTO products (slug, name, brand, category_slug, group_name, description, tagline, intro, image_url, overview, tech_specs, sections, applications, advantages, sort_order) VALUES ('acteon-u-sense-hd-size-1', 'U-Sense HD Size 1', 'ACTEON', 'radiology', 'ACTEON', 'U-Sense HD Size 1 from ACTEON — supplied, installed and serviced by BRYT Dental Technologies with full after-sales support across Gujarat and Pan-India.', '', '', '', '[]', '[]', '[]', '[]', '[]', 20);
INSERT INTO products (slug, name, brand, category_slug, group_name, description, tagline, intro, image_url, overview, tech_specs, sections, applications, advantages, sort_order) VALUES ('acteon-u-sense-hd-size-1-5', 'U-Sense HD Size 1.5', 'ACTEON', 'radiology', 'ACTEON', 'U-Sense HD Size 1.5 from ACTEON — supplied, installed and serviced by BRYT Dental Technologies with full after-sales support across Gujarat and Pan-India.', '', '', '', '[]', '[]', '[]', '[]', '[]', 21);
INSERT INTO products (slug, name, brand, category_slug, group_name, description, tagline, intro, image_url, overview, tech_specs, sections, applications, advantages, sort_order) VALUES ('acteon-x-mind-dc-x-ray', 'X-Mind DC X-Ray', 'ACTEON', 'radiology', 'ACTEON', 'X-Mind DC X-Ray from ACTEON — supplied, installed and serviced by BRYT Dental Technologies with full after-sales support across Gujarat and Pan-India.', '', '', '', '[]', '[]', '[]', '[]', '[]', 22);
INSERT INTO products (slug, name, brand, category_slug, group_name, description, tagline, intro, image_url, overview, tech_specs, sections, applications, advantages, sort_order) VALUES ('acteon-c-50-camera', 'C-50 Camera', 'ACTEON', 'radiology', 'ACTEON', 'C-50 Camera from ACTEON — supplied, installed and serviced by BRYT Dental Technologies with full after-sales support across Gujarat and Pan-India.', '', '', '', '[]', '[]', '[]', '[]', '[]', 23);
INSERT INTO products (slug, name, brand, category_slug, group_name, description, tagline, intro, image_url, overview, tech_specs, sections, applications, advantages, sort_order) VALUES ('acteon-c-20-camera', 'C-20 Camera', 'ACTEON', 'radiology', 'ACTEON', 'C-20 Camera from ACTEON — supplied, installed and serviced by BRYT Dental Technologies with full after-sales support across Gujarat and Pan-India.', '', '', '', '[]', '[]', '[]', '[]', '[]', 24);
INSERT INTO products (slug, name, brand, category_slug, group_name, description, tagline, intro, image_url, overview, tech_specs, sections, applications, advantages, sort_order) VALUES ('acteon-prime-2d-opg', 'Prime 2D OPG', 'ACTEON', 'radiology', 'ACTEON', 'Prime 2D OPG from ACTEON — supplied, installed and serviced by BRYT Dental Technologies with full after-sales support across Gujarat and Pan-India.', '', '', '', '[]', '[]', '[]', '[]', '[]', 25);
INSERT INTO products (slug, name, brand, category_slug, group_name, description, tagline, intro, image_url, overview, tech_specs, sections, applications, advantages, sort_order) VALUES ('acteon-prime-3d-cbct', 'Prime 3D CBCT', 'ACTEON', 'radiology', 'ACTEON', 'Prime 3D CBCT from ACTEON — supplied, installed and serviced by BRYT Dental Technologies with full after-sales support across Gujarat and Pan-India.', '', '', '', '[]', '[]', '[]', '[]', '[]', 26);
INSERT INTO products (slug, name, brand, category_slug, group_name, description, tagline, intro, image_url, overview, tech_specs, sections, applications, advantages, sort_order) VALUES ('acteon-optima-xmo-3d-cbct', 'Optima XMO 3D CBCT', 'ACTEON', 'radiology', 'ACTEON', 'Optima XMO 3D CBCT from ACTEON — supplied, installed and serviced by BRYT Dental Technologies with full after-sales support across Gujarat and Pan-India.', '', '', '', '[]', '[]', '[]', '[]', '[]', 27);
INSERT INTO products (slug, name, brand, category_slug, group_name, description, tagline, intro, image_url, overview, tech_specs, sections, applications, advantages, sort_order) VALUES ('vatech-ez-classic-sensor-1-5', 'Ez Classic Sensor 1.5', 'VATECH', 'radiology', 'VATECH', 'Ez Classic Sensor 1.5 from VATECH — supplied, installed and serviced by BRYT Dental Technologies with full after-sales support across Gujarat and Pan-India.', '', '', '', '[]', '[]', '[]', '[]', '[]', 28);
INSERT INTO products (slug, name, brand, category_slug, group_name, description, tagline, intro, image_url, overview, tech_specs, sections, applications, advantages, sort_order) VALUES ('vatech-ezray-air-plus', 'EzRay Air Plus', 'VATECH', 'radiology', 'VATECH', 'EzRay Air Plus from VATECH — supplied, installed and serviced by BRYT Dental Technologies with full after-sales support across Gujarat and Pan-India.', '', '', '', '[]', '[]', '[]', '[]', '[]', 29);
INSERT INTO products (slug, name, brand, category_slug, group_name, description, tagline, intro, image_url, overview, tech_specs, sections, applications, advantages, sort_order) VALUES ('vatech-smart-plus-cbct', 'Smart Plus CBCT', 'VATECH', 'radiology', 'VATECH', 'Smart Plus CBCT from VATECH — supplied, installed and serviced by BRYT Dental Technologies with full after-sales support across Gujarat and Pan-India.', '', '', '', '[]', '[]', '[]', '[]', '[]', 30);
INSERT INTO products (slug, name, brand, category_slug, group_name, description, tagline, intro, image_url, overview, tech_specs, sections, applications, advantages, sort_order) VALUES ('vatech-green-x-12-16-18-cbct', 'Green X 12-16-18 CBCT', 'VATECH', 'radiology', 'VATECH', 'Green X 12-16-18 CBCT from VATECH — supplied, installed and serviced by BRYT Dental Technologies with full after-sales support across Gujarat and Pan-India.', '', '', '', '[]', '[]', '[]', '[]', '[]', 31);
INSERT INTO products (slug, name, brand, category_slug, group_name, description, tagline, intro, image_url, overview, tech_specs, sections, applications, advantages, sort_order) VALUES ('vatech-pax-i-plus-opg', 'Pax-i Plus OPG', 'VATECH', 'radiology', 'VATECH', 'Pax-i Plus OPG from VATECH — supplied, installed and serviced by BRYT Dental Technologies with full after-sales support across Gujarat and Pan-India.', '', '', '', '[]', '[]', '[]', '[]', '[]', 32);
INSERT INTO products (slug, name, brand, category_slug, group_name, description, tagline, intro, image_url, overview, tech_specs, sections, applications, advantages, sort_order) VALUES ('vatech-a9-cbct', 'A9 CBCT', 'VATECH', 'radiology', 'VATECH', 'A9 CBCT from VATECH — supplied, installed and serviced by BRYT Dental Technologies with full after-sales support across Gujarat and Pan-India.', '', '', '', '[]', '[]', '[]', '[]', '[]', 33);
INSERT INTO products (slug, name, brand, category_slug, group_name, description, tagline, intro, image_url, overview, tech_specs, sections, applications, advantages, sort_order) VALUES ('eighteeth-nanopix-1', 'Nanopix 1', 'EIGHTEETH', 'radiology', 'EIGHTEETH', 'Nanopix 1 from EIGHTEETH — supplied, installed and serviced by BRYT Dental Technologies with full after-sales support across Gujarat and Pan-India.', '', '', '', '[]', '[]', '[]', '[]', '[]', 34);
INSERT INTO products (slug, name, brand, category_slug, group_name, description, tagline, intro, image_url, overview, tech_specs, sections, applications, advantages, sort_order) VALUES ('eighteeth-nanopix-1-5', 'Nanopix 1.5', 'EIGHTEETH', 'radiology', 'EIGHTEETH', 'Nanopix 1.5 from EIGHTEETH — supplied, installed and serviced by BRYT Dental Technologies with full after-sales support across Gujarat and Pan-India.', '', '', '', '[]', '[]', '[]', '[]', '[]', 35);
INSERT INTO products (slug, name, brand, category_slug, group_name, description, tagline, intro, image_url, overview, tech_specs, sections, applications, advantages, sort_order) VALUES ('eighteeth-nanopix-e-1-3', 'Nanopix E 1.3', 'EIGHTEETH', 'radiology', 'EIGHTEETH', 'Nanopix E 1.3 from EIGHTEETH — supplied, installed and serviced by BRYT Dental Technologies with full after-sales support across Gujarat and Pan-India.', '', '', '', '[]', '[]', '[]', '[]', '[]', 36);
INSERT INTO products (slug, name, brand, category_slug, group_name, description, tagline, intro, image_url, overview, tech_specs, sections, applications, advantages, sort_order) VALUES ('fin-scan-f350-cbct', 'Scan F350 CBCT', 'FIN', 'radiology', 'FIN', 'Scan F350 CBCT from FIN — supplied, installed and serviced by BRYT Dental Technologies with full after-sales support across Gujarat and Pan-India.', '', '', '', '[]', '[]', '[]', '[]', '[]', 37);
INSERT INTO products (slug, name, brand, category_slug, group_name, description, tagline, intro, image_url, overview, tech_specs, sections, applications, advantages, sort_order) VALUES ('bdc-rd-3m-b2-hs-pb-turbine', 'RD 3M B2 HS PB Turbine', 'BDC', 'handpieces', 'BDC', 'RD 3M B2 HS PB Turbine from BDC — supplied, installed and serviced by BRYT Dental Technologies with full after-sales support across Gujarat and Pan-India.', 'High-Speed Precision. Smooth Cutting. Reliable Everyday Performance.', 'The BDC RD 3M B2 HS PB Turbine is a high-speed air turbine handpiece engineered for precision cutting, smooth rotation, and dependable clinical performance. Designed with a universal B2 2-hole connection, ceramic ball bearings, push-button chuck system, and triple water spray, this turbine delivers efficient cutting power with excellent operator control — built for routine restorative and prosthodontic procedures in a lightweight stainless steel body.', '', '[{"label":"Model","value":"RD-3M-B2"},{"label":"Type","value":"High-Speed Air Turbine Handpiece"},{"label":"Connection Type","value":"B2 2-Hole Universal Coupling"},{"label":"Chuck System","value":"Push-Button"},{"label":"Bearing Type","value":"Ceramic Ball Bearings"},{"label":"Spray System","value":"Triple Internal Water Spray"},{"label":"Body Material","value":"Stainless Steel"},{"label":"Lighting","value":"LED Illumination"},{"label":"Application","value":"High-Speed Restorative & General Dentistry"}]', '[{"label":"Connection Type","value":"B2 Series (2-Hole Universal)"},{"label":"Chuck Mechanism","value":"Push-Button Chuck"},{"label":"Bur Compatibility","value":"FG Burs Ø 1.6 mm"},{"label":"Bearing Type","value":"Ceramic Ball Bearings"},{"label":"Spray System","value":"3-Water Internal Spray"},{"label":"Speed Range","value":"350,000 – 450,000 RPM"},{"label":"Working Pressure","value":"0.22 – 0.30 MPa"},{"label":"Weight","value":"Approx. 63–69 g"},{"label":"Body Material","value":"Stainless Steel"},{"label":"Illumination","value":"LED Head Light"},{"label":"Sterilization","value":"Fully Autoclavable"}]', '[{"heading":"High-Speed Cutting Performance","body":"Designed for fast and efficient tooth preparation, the turbine operates at speeds up to 450,000 RPM for smooth and controlled cutting performance.","bullets":["Faster cutting efficiency","Reduced chair time per procedure","Smooth enamel and dentin preparation","Consistent rotational stability at high load"]},{"heading":"Push-Button Chuck System","body":"The push-button chuck mechanism allows quick and secure bur replacement without additional tools — simplifying instrument handling during busy sessions.","bullets":["One-handed operation for faster bur changes","Secure bur locking for stable clinical performance","Tool-free replacement improves workflow efficiency"]},{"heading":"Ceramic Ball Bearings","body":"Equipped with ceramic bearings engineered for smoother operation and an extended service life compared to standard steel bearings.","bullets":["Reduced friction and lower heat generation","Smoother rotation under sustained load","Improved durability and longer operational lifespan","Quieter, more stable performance throughout procedures"]},{"heading":"Triple Internal Water Spray","body":"The integrated 3-water spray system provides effective and uniform cooling throughout high-speed procedures.","bullets":["Better cooling efficiency at the cutting site","Reduced thermal stress on tooth structure","Improved patient comfort during preparation","Clearer operative field for improved visibility"]},{"heading":"LED Illumination","body":"Integrated LED lighting delivers direct illumination at the working area for improved accuracy, even in posterior regions.","bullets":["Head-mounted LED for shadow-free visibility","Improved procedural accuracy","Enhanced detail recognition in difficult-access areas"]},{"heading":"Universal B2 Compatibility","body":"The B2 2-hole connection offers broad compatibility with a wide range of dental unit brands and systems.","bullets":["Compatible with KaVo, NSK, Sirona, and W&H","Works with standard 4-hole dental units","Easy integration without additional adapters or tools"]},{"heading":"Durable Stainless Steel Construction","body":"Constructed from corrosion-resistant stainless steel for long-term reliability and repeated sterilization cycles.","bullets":["Rust-resistant body with strong structural integrity","Fully autoclavable at standard sterilization cycles","Designed for dependable high-volume daily use"]}]', '[{"name":"Tooth Preparation","benefit":"Crown & bridge preparation"},{"name":"Caries Removal","benefit":"Efficient cavity excavation"},{"name":"Enameloplasty","benefit":"Smooth enamel reshaping"},{"name":"Restorative Dentistry","benefit":"Precise restorative preparation"},{"name":"Prosthodontics","benefit":"Crown and bridge adjustments"},{"name":"General Dentistry","benefit":"Routine high-speed procedures"}]', '[{"feature":"Push-Button Chuck","benefit":"Fast one-handed bur changes"},{"feature":"Ceramic Bearings","benefit":"Smoother rotation & longer service life"},{"feature":"350K–450K RPM","benefit":"Efficient, controlled cutting performance"},{"feature":"Triple Water Spray","benefit":"Better cooling & clearer operative field"},{"feature":"LED Illumination","benefit":"Enhanced precision in all areas"},{"feature":"B2 Universal Coupling","benefit":"Broad compatibility across systems"},{"feature":"Stainless Steel Body","benefit":"Durable & corrosion-resistant"},{"feature":"Fully Autoclavable","benefit":"Reliable sterilization support"}]', 38);
INSERT INTO products (slug, name, brand, category_slug, group_name, description, tagline, intro, image_url, overview, tech_specs, sections, applications, advantages, sort_order) VALUES ('bdc-rd-3mg-b2-led-hs-pb-turbine', 'RD 3MG B2 LED HS PB Turbine', 'BDC', 'handpieces', 'BDC', 'RD 3MG B2 LED HS PB Turbine from BDC — supplied, installed and serviced by BRYT Dental Technologies with full after-sales support across Gujarat and Pan-India.', '', '', '', '[]', '[]', '[]', '[]', '[]', 39);
INSERT INTO products (slug, name, brand, category_slug, group_name, description, tagline, intro, image_url, overview, tech_specs, sections, applications, advantages, sort_order) VALUES ('bdc-rd-1m-b2-hs-pb-turbine', 'RD 1M B2 HS PB Turbine', 'BDC', 'handpieces', 'BDC', 'RD 1M B2 HS PB Turbine from BDC — supplied, installed and serviced by BRYT Dental Technologies with full after-sales support across Gujarat and Pan-India.', '', '', '', '[]', '[]', '[]', '[]', '[]', 40);
INSERT INTO products (slug, name, brand, category_slug, group_name, description, tagline, intro, image_url, overview, tech_specs, sections, applications, advantages, sort_order) VALUES ('bdc-rd-mw-b2-chuck-type-hs-turbine', 'RD MW B2 Chuck Type HS Turbine', 'BDC', 'handpieces', 'BDC', 'RD MW B2 Chuck Type HS Turbine from BDC — supplied, installed and serviced by BRYT Dental Technologies with full after-sales support across Gujarat and Pan-India.', '', '', '', '[]', '[]', '[]', '[]', '[]', 41);
INSERT INTO products (slug, name, brand, category_slug, group_name, description, tagline, intro, image_url, overview, tech_specs, sections, applications, advantages, sort_order) VALUES ('bdc-hppm-low-01-c-contra', 'HPPM Low 01 C — Contra', 'BDC', 'handpieces', 'BDC', 'HPPM Low 01 C — Contra from BDC — supplied, installed and serviced by BRYT Dental Technologies with full after-sales support across Gujarat and Pan-India.', '', '', '', '[]', '[]', '[]', '[]', '[]', 42);
INSERT INTO products (slug, name, brand, category_slug, group_name, description, tagline, intro, image_url, overview, tech_specs, sections, applications, advantages, sort_order) VALUES ('bdc-hppm-low-01-s-straight', 'HPPM Low 01 S — Straight', 'BDC', 'handpieces', 'BDC', 'HPPM Low 01 S — Straight from BDC — supplied, installed and serviced by BRYT Dental Technologies with full after-sales support across Gujarat and Pan-India.', '', '', '', '[]', '[]', '[]', '[]', '[]', 43);
INSERT INTO products (slug, name, brand, category_slug, group_name, description, tagline, intro, image_url, overview, tech_specs, sections, applications, advantages, sort_order) VALUES ('galaxy-galaxy-contra-angle', 'Galaxy Contra Angle', 'GALAXY', 'handpieces', 'GALAXY', 'Galaxy Contra Angle from GALAXY — supplied, installed and serviced by BRYT Dental Technologies with full after-sales support across Gujarat and Pan-India.', '', '', '', '[]', '[]', '[]', '[]', '[]', 44);
INSERT INTO products (slug, name, brand, category_slug, group_name, description, tagline, intro, image_url, overview, tech_specs, sections, applications, advantages, sort_order) VALUES ('galaxy-galaxy-straight', 'Galaxy Straight', 'GALAXY', 'handpieces', 'GALAXY', 'Galaxy Straight from GALAXY — supplied, installed and serviced by BRYT Dental Technologies with full after-sales support across Gujarat and Pan-India.', '', '', '', '[]', '[]', '[]', '[]', '[]', 45);
INSERT INTO products (slug, name, brand, category_slug, group_name, description, tagline, intro, image_url, overview, tech_specs, sections, applications, advantages, sort_order) VALUES ('galaxy-galaxy-standard-pb-hs-turbine', 'Galaxy Standard PB HS Turbine', 'GALAXY', 'handpieces', 'GALAXY', 'Galaxy Standard PB HS Turbine from GALAXY — supplied, installed and serviced by BRYT Dental Technologies with full after-sales support across Gujarat and Pan-India.', '', '', '', '[]', '[]', '[]', '[]', '[]', 46);
INSERT INTO products (slug, name, brand, category_slug, group_name, description, tagline, intro, image_url, overview, tech_specs, sections, applications, advantages, sort_order) VALUES ('galaxy-galaxy-premium-pb-hs-turbine', 'Galaxy Premium PB HS Turbine', 'GALAXY', 'handpieces', 'GALAXY', 'Galaxy Premium PB HS Turbine from GALAXY — supplied, installed and serviced by BRYT Dental Technologies with full after-sales support across Gujarat and Pan-India.', '', '', '', '[]', '[]', '[]', '[]', '[]', 47);
INSERT INTO products (slug, name, brand, category_slug, group_name, description, tagline, intro, image_url, overview, tech_specs, sections, applications, advantages, sort_order) VALUES ('galaxy-galaxy-chuck-type-hs-turbine', 'Galaxy Chuck Type HS Turbine', 'GALAXY', 'handpieces', 'GALAXY', 'Galaxy Chuck Type HS Turbine from GALAXY — supplied, installed and serviced by BRYT Dental Technologies with full after-sales support across Gujarat and Pan-India.', '', '', '', '[]', '[]', '[]', '[]', '[]', 48);
INSERT INTO products (slug, name, brand, category_slug, group_name, description, tagline, intro, image_url, overview, tech_specs, sections, applications, advantages, sort_order) VALUES ('galaxy-galaxy-45-pb-hs-turbine', 'Galaxy 45° PB HS Turbine', 'GALAXY', 'handpieces', 'GALAXY', 'Galaxy 45° PB HS Turbine from GALAXY — supplied, installed and serviced by BRYT Dental Technologies with full after-sales support across Gujarat and Pan-India.', '', '', '', '[]', '[]', '[]', '[]', '[]', 49);
INSERT INTO products (slug, name, brand, category_slug, group_name, description, tagline, intro, image_url, overview, tech_specs, sections, applications, advantages, sort_order) VALUES ('galaxy-galaxy-led-pb-hs-turbine', 'Galaxy LED PB HS Turbine', 'GALAXY', 'handpieces', 'GALAXY', 'Galaxy LED PB HS Turbine from GALAXY — supplied, installed and serviced by BRYT Dental Technologies with full after-sales support across Gujarat and Pan-India.', '', '', '', '[]', '[]', '[]', '[]', '[]', 50);
INSERT INTO products (slug, name, brand, category_slug, group_name, description, tagline, intro, image_url, overview, tech_specs, sections, applications, advantages, sort_order) VALUES ('endomotor-e-xtreme-endomotor', 'E-Xtreme Endomotor', 'Endomotor', 'clinical-products', 'Endomotor', 'E-Xtreme Endomotor from Endomotor — supplied, installed and serviced by BRYT Dental Technologies with full after-sales support across Gujarat and Pan-India.', '', '', '', '[]', '[]', '[]', '[]', '[]', 51);
INSERT INTO products (slug, name, brand, category_slug, group_name, description, tagline, intro, image_url, overview, tech_specs, sections, applications, advantages, sort_order) VALUES ('endomotor-e-connect', 'E-Connect', 'Endomotor', 'clinical-products', 'Endomotor', 'E-Connect from Endomotor — supplied, installed and serviced by BRYT Dental Technologies with full after-sales support across Gujarat and Pan-India.', '', '', '', '[]', '[]', '[]', '[]', '[]', 52);
INSERT INTO products (slug, name, brand, category_slug, group_name, description, tagline, intro, image_url, overview, tech_specs, sections, applications, advantages, sort_order) VALUES ('endomotor-e-connect-s', 'E-Connect S', 'Endomotor', 'clinical-products', 'Endomotor', 'E-Connect S from Endomotor — supplied, installed and serviced by BRYT Dental Technologies with full after-sales support across Gujarat and Pan-India.', '', '', '', '[]', '[]', '[]', '[]', '[]', 53);
INSERT INTO products (slug, name, brand, category_slug, group_name, description, tagline, intro, image_url, overview, tech_specs, sections, applications, advantages, sort_order) VALUES ('endomotor-e-connect-s-plus', 'E-Connect S+', 'Endomotor', 'clinical-products', 'Endomotor', 'E-Connect S+ from Endomotor — supplied, installed and serviced by BRYT Dental Technologies with full after-sales support across Gujarat and Pan-India.', '', '', '', '[]', '[]', '[]', '[]', '[]', 54);
INSERT INTO products (slug, name, brand, category_slug, group_name, description, tagline, intro, image_url, overview, tech_specs, sections, applications, advantages, sort_order) VALUES ('endomotor-e-value', 'E-Value', 'Endomotor', 'clinical-products', 'Endomotor', 'E-Value from Endomotor — supplied, installed and serviced by BRYT Dental Technologies with full after-sales support across Gujarat and Pan-India.', '', '', '', '[]', '[]', '[]', '[]', '[]', 55);
INSERT INTO products (slug, name, brand, category_slug, group_name, description, tagline, intro, image_url, overview, tech_specs, sections, applications, advantages, sort_order) VALUES ('endomotor-e-value-e', 'E-Value E', 'Endomotor', 'clinical-products', 'Endomotor', 'E-Value E from Endomotor — supplied, installed and serviced by BRYT Dental Technologies with full after-sales support across Gujarat and Pan-India.', '', '', '', '[]', '[]', '[]', '[]', '[]', 56);
INSERT INTO products (slug, name, brand, category_slug, group_name, description, tagline, intro, image_url, overview, tech_specs, sections, applications, advantages, sort_order) VALUES ('endomotor-galaxy-cordless-endomotor', 'Galaxy Cordless Endomotor', 'Endomotor', 'clinical-products', 'Endomotor', 'Galaxy Cordless Endomotor from Endomotor — supplied, installed and serviced by BRYT Dental Technologies with full after-sales support across Gujarat and Pan-India.', '', '', '', '[]', '[]', '[]', '[]', '[]', 57);
INSERT INTO products (slug, name, brand, category_slug, group_name, description, tagline, intro, image_url, overview, tech_specs, sections, applications, advantages, sort_order) VALUES ('endomotor-galaxy-endo-plus-apex-2-in-1', 'Galaxy Endo+ Apex 2-in-1', 'Endomotor', 'clinical-products', 'Endomotor', 'Galaxy Endo+ Apex 2-in-1 from Endomotor — supplied, installed and serviced by BRYT Dental Technologies with full after-sales support across Gujarat and Pan-India.', '', '', '', '[]', '[]', '[]', '[]', '[]', 58);
INSERT INTO products (slug, name, brand, category_slug, group_name, description, tagline, intro, image_url, overview, tech_specs, sections, applications, advantages, sort_order) VALUES ('apex-locator-findpex-by-eighteeth', 'Findpex by Eighteeth', 'Apex Locator', 'clinical-products', 'Apex Locator', 'Findpex by Eighteeth from Apex Locator — supplied, installed and serviced by BRYT Dental Technologies with full after-sales support across Gujarat and Pan-India.', '', '', '', '[]', '[]', '[]', '[]', '[]', 59);
INSERT INTO products (slug, name, brand, category_slug, group_name, description, tagline, intro, image_url, overview, tech_specs, sections, applications, advantages, sort_order) VALUES ('apex-locator-e-pex', 'E-Pex', 'Apex Locator', 'clinical-products', 'Apex Locator', 'E-Pex from Apex Locator — supplied, installed and serviced by BRYT Dental Technologies with full after-sales support across Gujarat and Pan-India.', '', '', '', '[]', '[]', '[]', '[]', '[]', 60);
INSERT INTO products (slug, name, brand, category_slug, group_name, description, tagline, intro, image_url, overview, tech_specs, sections, applications, advantages, sort_order) VALUES ('apex-locator-airpex-wireless', 'Airpex Wireless', 'Apex Locator', 'clinical-products', 'Apex Locator', 'Airpex Wireless from Apex Locator — supplied, installed and serviced by BRYT Dental Technologies with full after-sales support across Gujarat and Pan-India.', '', '', '', '[]', '[]', '[]', '[]', '[]', 61);
INSERT INTO products (slug, name, brand, category_slug, group_name, description, tagline, intro, image_url, overview, tech_specs, sections, applications, advantages, sort_order) VALUES ('implant-motor-em-3-implant-motor', 'EM-3 Implant Motor', 'Implant Motor', 'clinical-products', 'Implant Motor', 'EM-3 Implant Motor from Implant Motor — supplied, installed and serviced by BRYT Dental Technologies with full after-sales support across Gujarat and Pan-India.', '', '', '', '[]', '[]', '[]', '[]', '[]', 62);
INSERT INTO products (slug, name, brand, category_slug, group_name, description, tagline, intro, image_url, overview, tech_specs, sections, applications, advantages, sort_order) VALUES ('diode-laser-gigaa-diode-laser', 'Gigaa Diode Laser', 'Diode Laser', 'clinical-products', 'Diode Laser', 'Gigaa Diode Laser from Diode Laser — supplied, installed and serviced by BRYT Dental Technologies with full after-sales support across Gujarat and Pan-India.', '', '', '', '[]', '[]', '[]', '[]', '[]', 63);
INSERT INTO products (slug, name, brand, category_slug, group_name, description, tagline, intro, image_url, overview, tech_specs, sections, applications, advantages, sort_order) VALUES ('ultrasonic-scaler-newtron-booster', 'Newtron Booster', 'Ultrasonic Scaler', 'clinical-products', 'Ultrasonic Scaler', 'Newtron Booster from Ultrasonic Scaler — supplied, installed and serviced by BRYT Dental Technologies with full after-sales support across Gujarat and Pan-India.', '', '', '', '[]', '[]', '[]', '[]', '[]', 64);
INSERT INTO products (slug, name, brand, category_slug, group_name, description, tagline, intro, image_url, overview, tech_specs, sections, applications, advantages, sort_order) VALUES ('ultrasonic-scaler-newtron-p5-b-led', 'Newtron P5 B LED', 'Ultrasonic Scaler', 'clinical-products', 'Ultrasonic Scaler', 'Newtron P5 B LED from Ultrasonic Scaler — supplied, installed and serviced by BRYT Dental Technologies with full after-sales support across Gujarat and Pan-India.', '', '', '', '[]', '[]', '[]', '[]', '[]', 65);
INSERT INTO products (slug, name, brand, category_slug, group_name, description, tagline, intro, image_url, overview, tech_specs, sections, applications, advantages, sort_order) VALUES ('ultrasonic-scaler-newtron-p5-xs-b-led', 'Newtron P5 XS B LED', 'Ultrasonic Scaler', 'clinical-products', 'Ultrasonic Scaler', 'Newtron P5 XS B LED from Ultrasonic Scaler — supplied, installed and serviced by BRYT Dental Technologies with full after-sales support across Gujarat and Pan-India.', '', '', '', '[]', '[]', '[]', '[]', '[]', 66);
INSERT INTO products (slug, name, brand, category_slug, group_name, description, tagline, intro, image_url, overview, tech_specs, sections, applications, advantages, sort_order) VALUES ('ultrasonic-scaler-newtron-p5-xs-pure', 'Newtron P5 XS Pure', 'Ultrasonic Scaler', 'clinical-products', 'Ultrasonic Scaler', 'Newtron P5 XS Pure from Ultrasonic Scaler — supplied, installed and serviced by BRYT Dental Technologies with full after-sales support across Gujarat and Pan-India.', '', '', '', '[]', '[]', '[]', '[]', '[]', 67);
INSERT INTO products (slug, name, brand, category_slug, group_name, description, tagline, intro, image_url, overview, tech_specs, sections, applications, advantages, sort_order) VALUES ('ultrasonic-scaler-woodpecker-built-in-n2-led', 'Woodpecker Built-in N2 LED', 'Ultrasonic Scaler', 'clinical-products', 'Ultrasonic Scaler', 'Woodpecker Built-in N2 LED from Ultrasonic Scaler — supplied, installed and serviced by BRYT Dental Technologies with full after-sales support across Gujarat and Pan-India.', '', '', '', '[]', '[]', '[]', '[]', '[]', 68);
INSERT INTO products (slug, name, brand, category_slug, group_name, description, tagline, intro, image_url, overview, tech_specs, sections, applications, advantages, sort_order) VALUES ('ultrasonic-scaler-woodpecker-built-in-n2', 'Woodpecker Built-in N2', 'Ultrasonic Scaler', 'clinical-products', 'Ultrasonic Scaler', 'Woodpecker Built-in N2 from Ultrasonic Scaler — supplied, installed and serviced by BRYT Dental Technologies with full after-sales support across Gujarat and Pan-India.', '', '', '', '[]', '[]', '[]', '[]', '[]', 69);
INSERT INTO products (slug, name, brand, category_slug, group_name, description, tagline, intro, image_url, overview, tech_specs, sections, applications, advantages, sort_order) VALUES ('ultrasonic-scaler-acteon-sp-3055-built-in', 'Acteon SP 3055 Built-in', 'Ultrasonic Scaler', 'clinical-products', 'Ultrasonic Scaler', 'Acteon SP 3055 Built-in from Ultrasonic Scaler — supplied, installed and serviced by BRYT Dental Technologies with full after-sales support across Gujarat and Pan-India.', '', '', '', '[]', '[]', '[]', '[]', '[]', 70);
INSERT INTO products (slug, name, brand, category_slug, group_name, description, tagline, intro, image_url, overview, tech_specs, sections, applications, advantages, sort_order) VALUES ('micromotor-marathon-33e', 'Marathon 33E', 'Micromotor', 'clinical-products', 'Micromotor', 'Marathon 33E from Micromotor — supplied, installed and serviced by BRYT Dental Technologies with full after-sales support across Gujarat and Pan-India.', '', '', '', '[]', '[]', '[]', '[]', '[]', 71);
INSERT INTO products (slug, name, brand, category_slug, group_name, description, tagline, intro, image_url, overview, tech_specs, sections, applications, advantages, sort_order) VALUES ('micromotor-galaxy-micromotor', 'Galaxy Micromotor', 'Micromotor', 'clinical-products', 'Micromotor', 'Galaxy Micromotor from Micromotor — supplied, installed and serviced by BRYT Dental Technologies with full after-sales support across Gujarat and Pan-India.', '', '', '', '[]', '[]', '[]', '[]', '[]', 72);
INSERT INTO products (slug, name, brand, category_slug, group_name, description, tagline, intro, image_url, overview, tech_specs, sections, applications, advantages, sort_order) VALUES ('sterilisation-e-sanit-by-eighteeth', 'E-Sanit by Eighteeth', 'Sterilisation', 'clinical-products', 'Sterilisation', 'E-Sanit by Eighteeth from Sterilisation — supplied, installed and serviced by BRYT Dental Technologies with full after-sales support across Gujarat and Pan-India.', '', '', '', '[]', '[]', '[]', '[]', '[]', 73);
INSERT INTO products (slug, name, brand, category_slug, group_name, description, tagline, intro, image_url, overview, tech_specs, sections, applications, advantages, sort_order) VALUES ('sterilisation-tanda', 'Tanda', 'Sterilisation', 'clinical-products', 'Sterilisation', 'Tanda from Sterilisation — supplied, installed and serviced by BRYT Dental Technologies with full after-sales support across Gujarat and Pan-India.', '', '', '', '[]', '[]', '[]', '[]', '[]', 74);
INSERT INTO products (slug, name, brand, category_slug, group_name, description, tagline, intro, image_url, overview, tech_specs, sections, applications, advantages, sort_order) VALUES ('sterilisation-life-steriwave', 'Life Steriwave', 'Sterilisation', 'clinical-products', 'Sterilisation', 'Life Steriwave from Sterilisation — supplied, installed and serviced by BRYT Dental Technologies with full after-sales support across Gujarat and Pan-India.', '', '', '', '[]', '[]', '[]', '[]', '[]', 75);
INSERT INTO products (slug, name, brand, category_slug, group_name, description, tagline, intro, image_url, overview, tech_specs, sections, applications, advantages, sort_order) VALUES ('light-cure-curing-pen', 'Curing Pen', 'Light Cure', 'clinical-products', 'Light Cure', 'Curing Pen from Light Cure — supplied, installed and serviced by BRYT Dental Technologies with full after-sales support across Gujarat and Pan-India.', '', '', '', '[]', '[]', '[]', '[]', '[]', 76);
INSERT INTO products (slug, name, brand, category_slug, group_name, description, tagline, intro, image_url, overview, tech_specs, sections, applications, advantages, sort_order) VALUES ('light-cure-curing-pen-e', 'Curing Pen E', 'Light Cure', 'clinical-products', 'Light Cure', 'Curing Pen E from Light Cure — supplied, installed and serviced by BRYT Dental Technologies with full after-sales support across Gujarat and Pan-India.', '', '', '', '[]', '[]', '[]', '[]', '[]', 77);
INSERT INTO products (slug, name, brand, category_slug, group_name, description, tagline, intro, image_url, overview, tech_specs, sections, applications, advantages, sort_order) VALUES ('light-cure-galaxy-light-cure-wireless', 'Galaxy Light Cure Wireless', 'Light Cure', 'clinical-products', 'Light Cure', 'Galaxy Light Cure Wireless from Light Cure — supplied, installed and serviced by BRYT Dental Technologies with full after-sales support across Gujarat and Pan-India.', '', '', '', '[]', '[]', '[]', '[]', '[]', 78);
INSERT INTO products (slug, name, brand, category_slug, group_name, description, tagline, intro, image_url, overview, tech_specs, sections, applications, advantages, sort_order) VALUES ('light-cure-galaxy-light-cure-built-in', 'Galaxy Light Cure Built-in', 'Light Cure', 'clinical-products', 'Light Cure', 'Galaxy Light Cure Built-in from Light Cure — supplied, installed and serviced by BRYT Dental Technologies with full after-sales support across Gujarat and Pan-India.', '', '', '', '[]', '[]', '[]', '[]', '[]', 79);
INSERT INTO products (slug, name, brand, category_slug, group_name, description, tagline, intro, image_url, overview, tech_specs, sections, applications, advantages, sort_order) VALUES ('uv-chamber-hyperlight-g', 'Hyperlight G', 'UV Chamber', 'clinical-products', 'UV Chamber', 'Hyperlight G from UV Chamber — supplied, installed and serviced by BRYT Dental Technologies with full after-sales support across Gujarat and Pan-India.', '', '', '', '[]', '[]', '[]', '[]', '[]', 80);
INSERT INTO products (slug, name, brand, category_slug, group_name, description, tagline, intro, image_url, overview, tech_specs, sections, applications, advantages, sort_order) VALUES ('uv-chamber-hyperlight-m', 'Hyperlight M', 'UV Chamber', 'clinical-products', 'UV Chamber', 'Hyperlight M from UV Chamber — supplied, installed and serviced by BRYT Dental Technologies with full after-sales support across Gujarat and Pan-India.', '', '', '', '[]', '[]', '[]', '[]', '[]', 81);
INSERT INTO products (slug, name, brand, category_slug, group_name, description, tagline, intro, image_url, overview, tech_specs, sections, applications, advantages, sort_order) VALUES ('uv-chamber-ultramint', 'Ultramint', 'UV Chamber', 'clinical-products', 'UV Chamber', 'Ultramint from UV Chamber — supplied, installed and serviced by BRYT Dental Technologies with full after-sales support across Gujarat and Pan-India.', '', '', '', '[]', '[]', '[]', '[]', '[]', 82);
INSERT INTO products (slug, name, brand, category_slug, group_name, description, tagline, intro, image_url, overview, tech_specs, sections, applications, advantages, sort_order) VALUES ('uv-chamber-ultramint-pro', 'Ultramint Pro', 'UV Chamber', 'clinical-products', 'UV Chamber', 'Ultramint Pro from UV Chamber — supplied, installed and serviced by BRYT Dental Technologies with full after-sales support across Gujarat and Pan-India.', '', '', '', '[]', '[]', '[]', '[]', '[]', 83);
INSERT INTO products (slug, name, brand, category_slug, group_name, description, tagline, intro, image_url, overview, tech_specs, sections, applications, advantages, sort_order) VALUES ('centralised-suction-unit-duerr-vs-250', 'Duerr VS 250', 'Centralised Suction Unit', 'clinical-products', 'Centralised Suction Unit', 'Duerr VS 250 from Centralised Suction Unit — supplied, installed and serviced by BRYT Dental Technologies with full after-sales support across Gujarat and Pan-India.', '', '', '', '[]', '[]', '[]', '[]', '[]', 84);
INSERT INTO products (slug, name, brand, category_slug, group_name, description, tagline, intro, image_url, overview, tech_specs, sections, applications, advantages, sort_order) VALUES ('centralised-suction-unit-galaxy-ring-blower-0-55w', 'Galaxy Ring Blower 0.55W', 'Centralised Suction Unit', 'clinical-products', 'Centralised Suction Unit', 'Galaxy Ring Blower 0.55W from Centralised Suction Unit — supplied, installed and serviced by BRYT Dental Technologies with full after-sales support across Gujarat and Pan-India.', '', '', '', '[]', '[]', '[]', '[]', '[]', 85);
INSERT INTO products (slug, name, brand, category_slug, group_name, description, tagline, intro, image_url, overview, tech_specs, sections, applications, advantages, sort_order) VALUES ('led-operating-light-gx-153-6-led-sensor', 'GX 153 6-LED Sensor', 'LED Operating Light', 'clinical-products', 'LED Operating Light', 'GX 153 6-LED Sensor from LED Operating Light — supplied, installed and serviced by BRYT Dental Technologies with full after-sales support across Gujarat and Pan-India.', '', '', '', '[]', '[]', '[]', '[]', '[]', 86);
INSERT INTO products (slug, name, brand, category_slug, group_name, description, tagline, intro, image_url, overview, tech_specs, sections, applications, advantages, sort_order) VALUES ('led-operating-light-gx-0404w-4-led', 'GX 0404W 4-LED', 'LED Operating Light', 'clinical-products', 'LED Operating Light', 'GX 0404W 4-LED from LED Operating Light — supplied, installed and serviced by BRYT Dental Technologies with full after-sales support across Gujarat and Pan-India.', '', '', '', '[]', '[]', '[]', '[]', '[]', 87);
INSERT INTO products (slug, name, brand, category_slug, group_name, description, tagline, intro, image_url, overview, tech_specs, sections, applications, advantages, sort_order) VALUES ('led-operating-light-gx-open-reflector', 'GX Open Reflector', 'LED Operating Light', 'clinical-products', 'LED Operating Light', 'GX Open Reflector from LED Operating Light — supplied, installed and serviced by BRYT Dental Technologies with full after-sales support across Gujarat and Pan-India.', '', '', '', '[]', '[]', '[]', '[]', '[]', 88);
INSERT INTO products (slug, name, brand, category_slug, group_name, description, tagline, intro, image_url, overview, tech_specs, sections, applications, advantages, sort_order) VALUES ('led-operating-light-gx-8-led-808-square', 'GX 8-LED 808 Square', 'LED Operating Light', 'clinical-products', 'LED Operating Light', 'GX 8-LED 808 Square from LED Operating Light — supplied, installed and serviced by BRYT Dental Technologies with full after-sales support across Gujarat and Pan-India.', '', '', '', '[]', '[]', '[]', '[]', '[]', 89);
INSERT INTO products (slug, name, brand, category_slug, group_name, description, tagline, intro, image_url, overview, tech_specs, sections, applications, advantages, sort_order) VALUES ('led-operating-light-gx-6-led-606', 'GX 6-LED 606', 'LED Operating Light', 'clinical-products', 'LED Operating Light', 'GX 6-LED 606 from LED Operating Light — supplied, installed and serviced by BRYT Dental Technologies with full after-sales support across Gujarat and Pan-India.', '', '', '', '[]', '[]', '[]', '[]', '[]', 90);
INSERT INTO products (slug, name, brand, category_slug, group_name, description, tagline, intro, image_url, overview, tech_specs, sections, applications, advantages, sort_order) VALUES ('led-operating-light-gx-8-led-square', 'GX 8-LED Square', 'LED Operating Light', 'clinical-products', 'LED Operating Light', 'GX 8-LED Square from LED Operating Light — supplied, installed and serviced by BRYT Dental Technologies with full after-sales support across Gujarat and Pan-India.', '', '', '', '[]', '[]', '[]', '[]', '[]', 91);
INSERT INTO products (slug, name, brand, category_slug, group_name, description, tagline, intro, image_url, overview, tech_specs, sections, applications, advantages, sort_order) VALUES ('oil-free-compressor-galaxy-1-1-hp-oilless', 'Galaxy 1.1 HP Oilless', 'Oil Free Compressor', 'clinical-products', 'Oil Free Compressor', 'Galaxy 1.1 HP Oilless from Oil Free Compressor — supplied, installed and serviced by BRYT Dental Technologies with full after-sales support across Gujarat and Pan-India.', '', '', '', '[]', '[]', '[]', '[]', '[]', 92);
INSERT INTO products (slug, name, brand, category_slug, group_name, description, tagline, intro, image_url, overview, tech_specs, sections, applications, advantages, sort_order) VALUES ('oil-free-compressor-galaxy-1-5-hp-oilless', 'Galaxy 1.5 HP Oilless', 'Oil Free Compressor', 'clinical-products', 'Oil Free Compressor', 'Galaxy 1.5 HP Oilless from Oil Free Compressor — supplied, installed and serviced by BRYT Dental Technologies with full after-sales support across Gujarat and Pan-India.', '', '', '', '[]', '[]', '[]', '[]', '[]', 93);
INSERT INTO products (slug, name, brand, category_slug, group_name, description, tagline, intro, image_url, overview, tech_specs, sections, applications, advantages, sort_order) VALUES ('oil-free-compressor-bryt-1-hp-oilless', 'BRYT 1 HP Oilless', 'Oil Free Compressor', 'clinical-products', 'Oil Free Compressor', 'BRYT 1 HP Oilless from Oil Free Compressor — supplied, installed and serviced by BRYT Dental Technologies with full after-sales support across Gujarat and Pan-India.', '', '', '', '[]', '[]', '[]', '[]', '[]', 94);
INSERT INTO products (slug, name, brand, category_slug, group_name, description, tagline, intro, image_url, overview, tech_specs, sections, applications, advantages, sort_order) VALUES ('oil-free-compressor-bryt-1-5-hp-oilless', 'BRYT 1.5 HP Oilless', 'Oil Free Compressor', 'clinical-products', 'Oil Free Compressor', 'BRYT 1.5 HP Oilless from Oil Free Compressor — supplied, installed and serviced by BRYT Dental Technologies with full after-sales support across Gujarat and Pan-India.', '', '', '', '[]', '[]', '[]', '[]', '[]', 95);
INSERT INTO products (slug, name, brand, category_slug, group_name, description, tagline, intro, image_url, overview, tech_specs, sections, applications, advantages, sort_order) VALUES ('centralised-air-compressor-central-air-compressor-system', 'Central Air Compressor System', 'Centralised Air Compressor', 'clinical-products', 'Centralised Air Compressor', 'Central Air Compressor System from Centralised Air Compressor — supplied, installed and serviced by BRYT Dental Technologies with full after-sales support across Gujarat and Pan-India.', '', '', '', '[]', '[]', '[]', '[]', '[]', 96);
INSERT INTO products (slug, name, brand, category_slug, group_name, description, tagline, intro, image_url, overview, tech_specs, sections, applications, advantages, sort_order) VALUES ('multi-purpose-trolley-bryt-3-layer-multi-purpose-trolley', 'BRYT 3-Layer Multi-Purpose Trolley', 'Multi-Purpose Trolley', 'clinical-products', 'Multi-Purpose Trolley', 'BRYT 3-Layer Multi-Purpose Trolley from Multi-Purpose Trolley — supplied, installed and serviced by BRYT Dental Technologies with full after-sales support across Gujarat and Pan-India.', '', '', '', '[]', '[]', '[]', '[]', '[]', 97);
INSERT INTO products (slug, name, brand, category_slug, group_name, description, tagline, intro, image_url, overview, tech_specs, sections, applications, advantages, sort_order) VALUES ('multi-purpose-trolley-bryt-intraoral-scanner-trolley', 'BRYT Intraoral Scanner Trolley', 'Multi-Purpose Trolley', 'clinical-products', 'Multi-Purpose Trolley', 'BRYT Intraoral Scanner Trolley from Multi-Purpose Trolley — supplied, installed and serviced by BRYT Dental Technologies with full after-sales support across Gujarat and Pan-India.', '', '', '', '[]', '[]', '[]', '[]', '[]', 98);
INSERT INTO products (slug, name, brand, category_slug, group_name, description, tagline, intro, image_url, overview, tech_specs, sections, applications, advantages, sort_order) VALUES ('intraoral-scanner-helios-500', 'Helios 500', 'Intraoral Scanner', 'clinical-products', 'Intraoral Scanner', 'Helios 500 from Intraoral Scanner — supplied, installed and serviced by BRYT Dental Technologies with full after-sales support across Gujarat and Pan-India.', '', '', '', '[]', '[]', '[]', '[]', '[]', 99);
INSERT INTO products (slug, name, brand, category_slug, group_name, description, tagline, intro, image_url, overview, tech_specs, sections, applications, advantages, sort_order) VALUES ('intraoral-scanner-helios-700', 'Helios 700', 'Intraoral Scanner', 'clinical-products', 'Intraoral Scanner', 'Helios 700 from Intraoral Scanner — supplied, installed and serviced by BRYT Dental Technologies with full after-sales support across Gujarat and Pan-India.', '', '', '', '[]', '[]', '[]', '[]', '[]', 100);
INSERT INTO products (slug, name, brand, category_slug, group_name, description, tagline, intro, image_url, overview, tech_specs, sections, applications, advantages, sort_order) VALUES ('ultrasonic-activator-ultra-x', 'Ultra-X', 'Ultrasonic Activator', 'clinical-products', 'Ultrasonic Activator', 'Ultra-X from Ultrasonic Activator — supplied, installed and serviced by BRYT Dental Technologies with full after-sales support across Gujarat and Pan-India.', '', '', '', '[]', '[]', '[]', '[]', '[]', 101);
INSERT INTO products (slug, name, brand, category_slug, group_name, description, tagline, intro, image_url, overview, tech_specs, sections, applications, advantages, sort_order) VALUES ('obturation-device-fast-pack-pro', 'Fast-Pack Pro', 'Obturation Device', 'clinical-products', 'Obturation Device', 'Fast-Pack Pro from Obturation Device — supplied, installed and serviced by BRYT Dental Technologies with full after-sales support across Gujarat and Pan-India.', '', '', '', '[]', '[]', '[]', '[]', '[]', 102);
INSERT INTO products (slug, name, brand, category_slug, group_name, description, tagline, intro, image_url, overview, tech_specs, sections, applications, advantages, sort_order) VALUES ('obturation-device-fast-fill', 'Fast-Fill', 'Obturation Device', 'clinical-products', 'Obturation Device', 'Fast-Fill from Obturation Device — supplied, installed and serviced by BRYT Dental Technologies with full after-sales support across Gujarat and Pan-India.', '', '', '', '[]', '[]', '[]', '[]', '[]', 103);
INSERT INTO products (slug, name, brand, category_slug, group_name, description, tagline, intro, image_url, overview, tech_specs, sections, applications, advantages, sort_order) VALUES ('obturation-device-space-pack', 'Space-Pack', 'Obturation Device', 'clinical-products', 'Obturation Device', 'Space-Pack from Obturation Device — supplied, installed and serviced by BRYT Dental Technologies with full after-sales support across Gujarat and Pan-India.', '', '', '', '[]', '[]', '[]', '[]', '[]', 104);
INSERT INTO products (slug, name, brand, category_slug, group_name, description, tagline, intro, image_url, overview, tech_specs, sections, applications, advantages, sort_order) VALUES ('obturation-device-space-fill', 'Space-Fill', 'Obturation Device', 'clinical-products', 'Obturation Device', 'Space-Fill from Obturation Device — supplied, installed and serviced by BRYT Dental Technologies with full after-sales support across Gujarat and Pan-India.', '', '', '', '[]', '[]', '[]', '[]', '[]', 105);
INSERT INTO products (slug, name, brand, category_slug, group_name, description, tagline, intro, image_url, overview, tech_specs, sections, applications, advantages, sort_order) VALUES ('dental-loupe-brilliance', 'Brilliance', 'Dental Loupe', 'clinical-products', 'Dental Loupe', 'Brilliance from Dental Loupe — supplied, installed and serviced by BRYT Dental Technologies with full after-sales support across Gujarat and Pan-India.', '', '', '', '[]', '[]', '[]', '[]', '[]', 106);
INSERT INTO products (slug, name, brand, category_slug, group_name, description, tagline, intro, image_url, overview, tech_specs, sections, applications, advantages, sort_order) VALUES ('dental-loupe-brilliance-bp', 'Brilliance BP', 'Dental Loupe', 'clinical-products', 'Dental Loupe', 'Brilliance BP from Dental Loupe — supplied, installed and serviced by BRYT Dental Technologies with full after-sales support across Gujarat and Pan-India.', '', '', '', '[]', '[]', '[]', '[]', '[]', 107);
INSERT INTO products (slug, name, brand, category_slug, group_name, description, tagline, intro, image_url, overview, tech_specs, sections, applications, advantages, sort_order) VALUES ('dental-loupe-brilliance-48', 'Brilliance 48°', 'Dental Loupe', 'clinical-products', 'Dental Loupe', 'Brilliance 48° from Dental Loupe — supplied, installed and serviced by BRYT Dental Technologies with full after-sales support across Gujarat and Pan-India.', '', '', '', '[]', '[]', '[]', '[]', '[]', 108);
INSERT INTO products (slug, name, brand, category_slug, group_name, description, tagline, intro, image_url, overview, tech_specs, sections, applications, advantages, sort_order) VALUES ('dental-loupe-brilliance-48-pro', 'Brilliance 48° Pro', 'Dental Loupe', 'clinical-products', 'Dental Loupe', 'Brilliance 48° Pro from Dental Loupe — supplied, installed and serviced by BRYT Dental Technologies with full after-sales support across Gujarat and Pan-India.', '', '', '', '[]', '[]', '[]', '[]', '[]', 109);
INSERT INTO products (slug, name, brand, category_slug, group_name, description, tagline, intro, image_url, overview, tech_specs, sections, applications, advantages, sort_order) VALUES ('dental-loupe-softtouch-wired-headlight', 'SoftTouch Wired Headlight', 'Dental Loupe', 'clinical-products', 'Dental Loupe', 'SoftTouch Wired Headlight from Dental Loupe — supplied, installed and serviced by BRYT Dental Technologies with full after-sales support across Gujarat and Pan-India.', '', '', '', '[]', '[]', '[]', '[]', '[]', 110);
INSERT INTO products (slug, name, brand, category_slug, group_name, description, tagline, intro, image_url, overview, tech_specs, sections, applications, advantages, sort_order) VALUES ('dental-loupe-wireless-z-headlight', 'Wireless Z Headlight', 'Dental Loupe', 'clinical-products', 'Dental Loupe', 'Wireless Z Headlight from Dental Loupe — supplied, installed and serviced by BRYT Dental Technologies with full after-sales support across Gujarat and Pan-India.', '', '', '', '[]', '[]', '[]', '[]', '[]', 111);
INSERT INTO products (slug, name, brand, category_slug, group_name, description, tagline, intro, image_url, overview, tech_specs, sections, applications, advantages, sort_order) VALUES ('dental-microscope-acuvision-x', 'Acuvision X', 'Dental Microscope', 'clinical-products', 'Dental Microscope', 'Acuvision X from Dental Microscope — supplied, installed and serviced by BRYT Dental Technologies with full after-sales support across Gujarat and Pan-India.', '', '', '', '[]', '[]', '[]', '[]', '[]', 112);
INSERT INTO products (slug, name, brand, category_slug, group_name, description, tagline, intro, image_url, overview, tech_specs, sections, applications, advantages, sort_order) VALUES ('electric-motor-1-5-motor-turbo-and-e-asp-1', 'Motor Turbo & E-Asp 1', 'Electric Motor 1:5', 'clinical-products', 'Electric Motor 1:5', 'Motor Turbo & E-Asp 1 from Electric Motor 1:5 — supplied, installed and serviced by BRYT Dental Technologies with full after-sales support across Gujarat and Pan-India.', '', '', '', '[]', '[]', '[]', '[]', '[]', 113);
